epoch,time,mmd_degree,mmd_clustering,mmd_4orbits
2600,1,0.1766455458933367,0.00029251282858000494,-1
2600,2,0.12942179219863736,0.0003486788631625881,-1
2600,3,0.12301451118932549,0.00032768033119112694,-1
